feature,mean_importance
sex,-2.5248776047370747e-05
region,0.0038707982570016287
children,0.004317281171616239
bmi,0.06030553158130525
age,0.18684087586044534
smoker,1.3331043585187203
