feature,weight
intercept,8.81326736626777e-17
age,0.31992522204546225
sex,0.00034902823321433796
bmi,0.17748318543472527
children,0.04542852368645112
smoker,0.8013348303779441
region,-0.0483805786318064
