feature,shap_importance
smoker,0.6222442257331116
age,0.2628773192898683
bmi,0.14514094415907408
region,0.0440172778054052
children,0.03654330777782052
sex,0.0003475646997814308
