feature,mean_importance
sex,0.0
children,0.0
region,0.0
age,26688961.84602413
bmi,44493949.477665976
smoker,219159417.46345377
