feature,mean_importance
region,0.00032497278831915
sex,0.0014960910777964743
children,0.004062097105152268
age,0.1864167993067501
bmi,0.3091806702345352
smoker,1.5210335857616533
