feature,shap_importance
smoker,7374.913289300842
age,3086.7340745024626
bmi,1953.9656196221822
sex,0.0
children,0.0
region,0.0
