feature,mean_importance
region,-0.0038065279946003783
sex,-0.002230926987681853
children,0.0006954830600671314
age,0.19370386181924518
bmi,0.2790488260664617
smoker,1.5855606520329686
