feature,shap_importance
smoker,0.6283628015615124
age,0.25528459423964034
bmi,0.1550386878024745
children,0.023839983455615943
region,0.009042688821625951
sex,0.0024417995805910025
