feature,mean_importance
sex,-0.00027330674215261255
region,-0.0001770851767033954
children,0.002829825451985668
age,0.1890267787981444
bmi,0.2964741693704079
smoker,1.5676943314634244
