feature,mean_importance
sex,-0.00027330674215264583
region,-0.00017708517670343428
children,0.0028298254519856457
age,0.18902677879814433
bmi,0.2964741693704078
smoker,1.5676943314634246
